<?xml version="1.0" encoding="utf-8"?>
<!--/641950/145913/2.49/16/3/Integrated Circuit/-->
<quadcept_library>
  <setting unit="mil" />
  <textstyle name="Default" height="47.244094488189" strokewidth="7.8740157480315" charwidth="47.244094488189" />
  <textstyle name="Dimension" height="19.6850393700787" strokewidth="0" charwidth="19.6850393700787" />
  <textstyle name="H127W0635TH00762" height="50" strokewidth="3" charwidth="25" />
  <textstyle name="H15W15TH02" height="59.0551181102362" strokewidth="7.8740157480315" charwidth="59.0551181102362" />
  <padstyle name="r193_70" surface="True" plated="False" isvia="False" nopaste="False" nomask="True" complex="False" holesize="0">
    <padshape layer="TOP" shape="rectangle" width="27.55905511811" height="75.984251968503" />
    <padshape layer="TOP_SOLDER_MASK" shape="rectangle" width="35.433070866141" height="83.858267716534" />
    <padshape layer="TOP_SOLDER_PASTE" shape="rectangle" width="27.55905511811" height="75.984251968503" />
  </padstyle>
  <footprint name="SOIC127P1032X264-16N" originx="0" originy="0" pickpointx="0" pickpointy="0">
    <pcbpin number="1" name="1" style="r193_70" originx="-185.43307086614" originy="175" rotation="90" />
    <pcbpin number="2" name="2" style="r193_70" originx="-185.43307086614" originy="125" rotation="90" />
    <pcbpin number="3" name="3" style="r193_70" originx="-185.43307086614" originy="74.999999999999" rotation="90" />
    <pcbpin number="4" name="4" style="r193_70" originx="-185.43307086614" originy="25" rotation="90" />
    <pcbpin number="5" name="5" style="r193_70" originx="-185.43307086614" originy="-25" rotation="90" />
    <pcbpin number="6" name="6" style="r193_70" originx="-185.43307086614" originy="-74.999999999999" rotation="90" />
    <pcbpin number="7" name="7" style="r193_70" originx="-185.43307086614" originy="-125" rotation="90" />
    <pcbpin number="8" name="8" style="r193_70" originx="-185.43307086614" originy="-175" rotation="90" />
    <pcbpin number="9" name="9" style="r193_70" originx="185.43307086614" originy="-175" rotation="90" />
    <pcbpin number="10" name="10" style="r193_70" originx="185.43307086614" originy="-125" rotation="90" />
    <pcbpin number="11" name="11" style="r193_70" originx="185.43307086614" originy="-74.999999999999" rotation="90" />
    <pcbpin number="12" name="12" style="r193_70" originx="185.43307086614" originy="-25" rotation="90" />
    <pcbpin number="13" name="13" style="r193_70" originx="185.43307086614" originy="25" rotation="90" />
    <pcbpin number="14" name="14" style="r193_70" originx="185.43307086614" originy="74.999999999999" rotation="90" />
    <pcbpin number="15" name="15" style="r193_70" originx="185.43307086614" originy="125" rotation="90" />
    <pcbpin number="16" name="16" style="r193_70" originx="185.43307086614" originy="175" rotation="90" />
    <line layer="TOP_PLACE_BOUND" originx="-233.26771653543" originy="216.33858267716" endx="233.26771653543" endy="216.33858267716" width="1.9685039370079" />
    <line layer="TOP_PLACE_BOUND" originx="233.26771653543" originy="216.33858267716" endx="233.26771653543" endy="-216.33858267716" width="1.9685039370079" />
    <line layer="TOP_PLACE_BOUND" originx="233.26771653543" originy="-216.33858267716" endx="-233.26771653543" endy="-216.33858267716" width="1.9685039370079" />
    <line layer="TOP_PLACE_BOUND" originx="-233.26771653543" originy="-216.33858267716" endx="-233.26771653543" endy="216.33858267716" width="1.9685039370079" />
    <line layer="TOP_ASSEMBLY" originx="-147.44094488189" originy="202.44094488189" endx="147.44094488189" endy="202.44094488189" width="3.9370078740157" />
    <line layer="TOP_ASSEMBLY" originx="147.44094488189" originy="202.44094488189" endx="147.44094488189" endy="-202.44094488189" width="3.9370078740157" />
    <line layer="TOP_ASSEMBLY" originx="147.44094488189" originy="-202.44094488189" endx="-147.44094488189" endy="-202.44094488189" width="3.9370078740157" />
    <line layer="TOP_ASSEMBLY" originx="-147.44094488189" originy="-202.44094488189" endx="-147.44094488189" endy="202.44094488189" width="3.9370078740157" />
    <line layer="TOP_ASSEMBLY" originx="-147.44094488189" originy="152.44094488189" endx="-97.440944881889" endy="202.44094488189" width="3.9370078740157" />
    <line layer="TOP_SILKSCREEN" originx="-133.66141732283" originy="202.44094488189" endx="133.66141732283" endy="202.44094488189" width="7.8740157480314" />
    <line layer="TOP_SILKSCREEN" originx="133.66141732283" originy="202.44094488189" endx="133.66141732283" endy="-202.44094488189" width="7.8740157480314" />
    <line layer="TOP_SILKSCREEN" originx="133.66141732283" originy="-202.44094488189" endx="-133.66141732283" endy="-202.44094488189" width="7.8740157480314" />
    <line layer="TOP_SILKSCREEN" originx="-133.66141732283" originy="-202.44094488189" endx="-133.66141732283" endy="202.44094488189" width="7.8740157480314" />
    <line layer="TOP_SILKSCREEN" originx="-223.42519685039" originy="202.55905511811" endx="-147.44094488189" endy="202.55905511811" width="7.8740157480314" />
  </footprint>
  <symbol name="W25Q32JVSFIQ" originx="0" originy="0">
    <line originx="200" originy="100" endx="1500" endy="100" width="0" />
    <line originx="1500" originy="-800" endx="1500" endy="100" width="0" />
    <line originx="1500" originy="-800" endx="200" endy="-800" width="0" />
    <line originx="200" originy="100" endx="200" endy="-800" width="0" />
    <sympin number="1" originx="200" originy="0" rotation="180" length="100" width="7.8740157480315" flipped="False">
      <text name="pinname" originx="230" originy="0" style="Default" rotation="0" justify="left" flipped="False" hidden="False" data="\HOLD_(IO3)" />
      <text name="pindes" originx="140" originy="20" style="Default" rotation="0" justify="lowerright" flipped="False" hidden="False" data="1" />
    </sympin>
    <sympin number="2" originx="200" originy="-100" rotation="180" length="100" width="7.8740157480315" flipped="False">
      <text name="pinname" originx="230" originy="-100" style="Default" rotation="0" justify="left" flipped="False" hidden="False" data="VCC" />
      <text name="pindes" originx="140" originy="-80" style="Default" rotation="0" justify="lowerright" flipped="False" hidden="False" data="2" />
    </sympin>
    <sympin number="3" originx="200" originy="-200" rotation="180" length="100" width="7.8740157480315" flipped="False">
      <text name="pinname" originx="230" originy="-200" style="Default" rotation="0" justify="left" flipped="False" hidden="False" data="\RESET" />
      <text name="pindes" originx="140" originy="-180" style="Default" rotation="0" justify="lowerright" flipped="False" hidden="False" data="3" />
    </sympin>
    <sympin number="4" originx="200" originy="-300" rotation="180" length="100" width="7.8740157480315" flipped="False">
      <text name="pinname" originx="230" originy="-300" style="Default" rotation="0" justify="left" flipped="False" hidden="False" data="NC_1" />
      <text name="pindes" originx="140" originy="-280" style="Default" rotation="0" justify="lowerright" flipped="False" hidden="False" data="4" />
    </sympin>
    <sympin number="5" originx="200" originy="-400" rotation="180" length="100" width="7.8740157480315" flipped="False">
      <text name="pinname" originx="230" originy="-400" style="Default" rotation="0" justify="left" flipped="False" hidden="False" data="NC_2" />
      <text name="pindes" originx="140" originy="-380" style="Default" rotation="0" justify="lowerright" flipped="False" hidden="False" data="5" />
    </sympin>
    <sympin number="6" originx="200" originy="-500" rotation="180" length="100" width="7.8740157480315" flipped="False">
      <text name="pinname" originx="230" originy="-500" style="Default" rotation="0" justify="left" flipped="False" hidden="False" data="NC_3" />
      <text name="pindes" originx="140" originy="-480" style="Default" rotation="0" justify="lowerright" flipped="False" hidden="False" data="6" />
    </sympin>
    <sympin number="7" originx="200" originy="-600" rotation="180" length="100" width="7.8740157480315" flipped="False">
      <text name="pinname" originx="230" originy="-600" style="Default" rotation="0" justify="left" flipped="False" hidden="False" data="\CS" />
      <text name="pindes" originx="140" originy="-580" style="Default" rotation="0" justify="lowerright" flipped="False" hidden="False" data="7" />
    </sympin>
    <sympin number="8" originx="200" originy="-700" rotation="180" length="100" width="7.8740157480315" flipped="False">
      <text name="pinname" originx="230" originy="-700" style="Default" rotation="0" justify="left" flipped="False" hidden="False" data="DO_(IO1)" />
      <text name="pindes" originx="140" originy="-680" style="Default" rotation="0" justify="lowerright" flipped="False" hidden="False" data="8" />
    </sympin>
    <sympin number="16" originx="1500" originy="0" rotation="0" length="100" width="7.8740157480315" flipped="False">
      <text name="pinname" originx="1470" originy="0" style="Default" rotation="0" justify="right" flipped="False" hidden="False" data="CLK" />
      <text name="pindes" originx="1560" originy="20" style="Default" rotation="0" justify="lowerleft" flipped="False" hidden="False" data="16" />
    </sympin>
    <sympin number="15" originx="1500" originy="-100" rotation="0" length="100" width="7.8740157480315" flipped="False">
      <text name="pinname" originx="1470" originy="-100" style="Default" rotation="0" justify="right" flipped="False" hidden="False" data="DI_(IO0)" />
      <text name="pindes" originx="1560" originy="-80" style="Default" rotation="0" justify="lowerleft" flipped="False" hidden="False" data="15" />
    </sympin>
    <sympin number="14" originx="1500" originy="-200" rotation="0" length="100" width="7.8740157480315" flipped="False">
      <text name="pinname" originx="1470" originy="-200" style="Default" rotation="0" justify="right" flipped="False" hidden="False" data="NC_7" />
      <text name="pindes" originx="1560" originy="-180" style="Default" rotation="0" justify="lowerleft" flipped="False" hidden="False" data="14" />
    </sympin>
    <sympin number="13" originx="1500" originy="-300" rotation="0" length="100" width="7.8740157480315" flipped="False">
      <text name="pinname" originx="1470" originy="-300" style="Default" rotation="0" justify="right" flipped="False" hidden="False" data="NC_6" />
      <text name="pindes" originx="1560" originy="-280" style="Default" rotation="0" justify="lowerleft" flipped="False" hidden="False" data="13" />
    </sympin>
    <sympin number="12" originx="1500" originy="-400" rotation="0" length="100" width="7.8740157480315" flipped="False">
      <text name="pinname" originx="1470" originy="-400" style="Default" rotation="0" justify="right" flipped="False" hidden="False" data="NC_5" />
      <text name="pindes" originx="1560" originy="-380" style="Default" rotation="0" justify="lowerleft" flipped="False" hidden="False" data="12" />
    </sympin>
    <sympin number="11" originx="1500" originy="-500" rotation="0" length="100" width="7.8740157480315" flipped="False">
      <text name="pinname" originx="1470" originy="-500" style="Default" rotation="0" justify="right" flipped="False" hidden="False" data="NC_4" />
      <text name="pindes" originx="1560" originy="-480" style="Default" rotation="0" justify="lowerleft" flipped="False" hidden="False" data="11" />
    </sympin>
    <sympin number="10" originx="1500" originy="-600" rotation="0" length="100" width="7.8740157480315" flipped="False">
      <text name="pinname" originx="1470" originy="-600" style="Default" rotation="0" justify="right" flipped="False" hidden="False" data="GND" />
      <text name="pindes" originx="1560" originy="-580" style="Default" rotation="0" justify="lowerleft" flipped="False" hidden="False" data="10" />
    </sympin>
    <sympin number="9" originx="1500" originy="-700" rotation="0" length="100" width="7.8740157480315" flipped="False">
      <text name="pinname" originx="1470" originy="-700" style="Default" rotation="0" justify="right" flipped="False" hidden="False" data="\WP_(IO2)" />
      <text name="pindes" originx="1560" originy="-680" style="Default" rotation="0" justify="lowerleft" flipped="False" hidden="False" data="9" />
    </sympin>
  </symbol>
  <component name="W25Q32JVSFIQ" designatorprefix="IC" height="103.93700787401" footprint="SOIC127P1032X264-16N">
    <comppin designator="1" sympin="1" pinswap="0" gateswap="0" gate="1" group="1" side="" type="Any" name="|HOLD_(IO3)" />
    <comppin designator="2" sympin="2" pinswap="0" gateswap="0" gate="1" group="1" side="" type="Any" name="VCC" />
    <comppin designator="3" sympin="3" pinswap="0" gateswap="0" gate="1" group="1" side="" type="Any" name="|RESET" />
    <comppin designator="4" sympin="4" pinswap="0" gateswap="0" gate="1" group="1" side="" type="Any" name="NC_1" />
    <comppin designator="5" sympin="5" pinswap="0" gateswap="0" gate="1" group="1" side="" type="Any" name="NC_2" />
    <comppin designator="6" sympin="6" pinswap="0" gateswap="0" gate="1" group="1" side="" type="Any" name="NC_3" />
    <comppin designator="7" sympin="7" pinswap="0" gateswap="0" gate="1" group="1" side="" type="Any" name="|CS" />
    <comppin designator="8" sympin="8" pinswap="0" gateswap="0" gate="1" group="1" side="" type="Any" name="DO_(IO1)" />
    <comppin designator="9" sympin="9" pinswap="0" gateswap="0" gate="1" group="1" side="" type="Any" name="|WP_(IO2)" />
    <comppin designator="10" sympin="10" pinswap="0" gateswap="0" gate="1" group="1" side="" type="Any" name="GND" />
    <comppin designator="11" sympin="11" pinswap="0" gateswap="0" gate="1" group="1" side="" type="Any" name="NC_4" />
    <comppin designator="12" sympin="12" pinswap="0" gateswap="0" gate="1" group="1" side="" type="Any" name="NC_5" />
    <comppin designator="13" sympin="13" pinswap="0" gateswap="0" gate="1" group="1" side="" type="Any" name="NC_6" />
    <comppin designator="14" sympin="14" pinswap="0" gateswap="0" gate="1" group="1" side="" type="Any" name="NC_7" />
    <comppin designator="15" sympin="15" pinswap="0" gateswap="0" gate="1" group="1" side="" type="Any" name="DI_(IO0)" />
    <comppin designator="16" sympin="16" pinswap="0" gateswap="0" gate="1" group="1" side="" type="Any" name="CLK" />
    <attached_symbol gate="1" name="W25Q32JVSFIQ" />
    <pinmap designator="1" footprintpin="1" />
    <pinmap designator="2" footprintpin="2" />
    <pinmap designator="3" footprintpin="3" />
    <pinmap designator="4" footprintpin="4" />
    <pinmap designator="5" footprintpin="5" />
    <pinmap designator="6" footprintpin="6" />
    <pinmap designator="7" footprintpin="7" />
    <pinmap designator="8" footprintpin="8" />
    <pinmap designator="9" footprintpin="9" />
    <pinmap designator="10" footprintpin="10" />
    <pinmap designator="11" footprintpin="11" />
    <pinmap designator="12" footprintpin="12" />
    <pinmap designator="13" footprintpin="13" />
    <pinmap designator="14" footprintpin="14" />
    <pinmap designator="15" footprintpin="15" />
    <pinmap designator="16" footprintpin="16" />
    <text name="Datasheet" originx="0" originy="0" style="Default" rotation="0" justify="" flipped="False" hidden="True" data="http://www.winbond.com/resource-files/w25q32jv revg 03272018 plus.pdf" />
    <text name="Description" originx="0" originy="0" style="Default" rotation="0" justify="" flipped="False" hidden="True" data="NOR Flash spiFlash, 32M-bit, DTR, 4Kb Uniform Sector" />
    <text name="Manufacturer_Name" originx="0" originy="0" style="Default" rotation="0" justify="" flipped="False" hidden="True" data="Winbond" />
    <text name="Manufacturer_Part_Number" originx="1550" originy="200" style="Default" rotation="0" justify="left" flipped="False" hidden="False" data="W25Q32JVSFIQ" />
    <text name="Mouser Part Number" originx="0" originy="0" style="Default" rotation="0" justify="" flipped="False" hidden="True" data="454-W25Q32JVSFIQ" />
    <text name="Mouser Price/Stock" originx="0" originy="0" style="Default" rotation="0" justify="" flipped="False" hidden="True" data="https://www.mouser.co.uk/ProductDetail/Winbond/W25Q32JVSFIQ?qs=qSfuJ%252Bfl%2Fd6wBFdYH4pckg%3D%3D" />
    <text name="Arrow Part Number" originx="0" originy="0" style="Default" rotation="0" justify="" flipped="False" hidden="True" data="W25Q32JVSFIQ" />
    <text name="Arrow Price/Stock" originx="0" originy="0" style="Default" rotation="0" justify="" flipped="False" hidden="True" data="https://www.arrow.com/en/products/w25q32jvsfiq/winbond-electronics?region=nac" />
  </component>
</quadcept_library>
